Name,Age,Salary,Score
Alice,25.0,50000.0,85.0
Bob,25.666666666666668,60000.0,90.0
Charlie,30.0,56250.0,88.0
David,22.0,45000.0,88.75
Eve,25.666666666666668,70000.0,92.0
